Metric,real_mean,synthetic_mean,t_p_value,ks_p_value
mean_k,0.17169081345200535,0.15811068192124367,0.020192531230546852,0.005309947450405573
mean_dp/dy,0.00040746103622946,0.0004014675128018508,0.1607507408243008,0.00023025592141645297
flowrate,0.00081640117277852,0.0008029199539123062,0.11372610888795341,0.00020421367363283155
porosity,0.42786712646484376,0.15423321723937988,2.4077125950835367e-22,1.6955507859980404e-22
anisotropy,1.0037013977766036,0.9999924954026937,0.27897749201568334,0.546520774924329
