Metric,real_mean,synthetic_mean,t_p_value,ks_p_value
mean_k,0.24740325822494924,0.11897038329334464,1.0217292946966985e-29,2.978023625320292e-46
mean_dp/dy,0.00025258063465111245,0.007816854510338036,2.576569775909417e-21,1.4015746807558354e-31
flowrate,0.0005070012084615375,0.015640059186352983,2.5916003284178978e-21,1.4015746807558354e-31
porosity,0.9904192820231976,0.5295989513397217,4.179461225791056e-22,9.975786691871005e-22
anisotropy,1.0087250284850597,1.0006656935438514,1.7201658374332725e-11,1.667967970022662e-09
