Metric,real_mean,synthetic_mean,t_p_value,ks_p_value
mean_k,0.24740325822494924,0.0739749306018731,3.4875241318734943e-72,1.8425316554290913e-52
mean_dp/dy,0.00025262947042388126,0.007773179220452552,2.2197580302742546e-21,3.179274449512777e-33
flowrate,0.0005070811394034063,0.015548060946852318,2.2469110457061084e-21,9.632833487696316e-32
porosity,0.9904192820231976,0.2926616816557655,4.8559618382834485e-71,1.8425316554290913e-52
anisotropy,1.0084898686036468,0.9992530613906624,6.349208183565028e-14,9.746954533078848e-13
